"","State","Policy","Year","AdjMeanChamber"
"1","AK","FACTOR_climate_action_plan_21",2008,0.493
"2","AK","FACTOR_netmeter_yearadopted_21",2010,NA
"3","AK","FACTOR_pace_21",2017,0.316
"4","AK","FACTOR_w_environment_solar_taxcredit_21_2",2010,NA
"5","AK","FACTOR_w_environment_state_nepas_21_1",2017,0.316
"6","AK","FACTOR_w_low_income_ee_21_2",2017,0.316
"7","AL","FACTOR_pace_21",2015,0.9125
"8","AL","FACTOR_public_building_standards",2006,-0.004
"9","AL","FACTOR_w4_electric_decoupling_21_2",1998,0.011
"10","AL","FACTOR_w4_gas_decoupling_21_2",1998,0.011
"11","AL","FACTOR_w_environment_state_nepas_21_1",2015,0.9125
"12","AL","FACTOR_w_environment_state_nepas_21_2",2006,-0.004
"13","AL","FACTOR_w_gg_rr_21_1",2007,-0.0315
"14","AR","FACTOR_climate_action_plan_21",2008,0.0915
"15","AR","FACTOR_netmeter_yearadopted_21",2001,0.052
"16","AR","FACTOR_pace_21",2013,0.7145
"17","AR","FACTOR_public_building_standards",2005,0.142
"18","AR","FACTOR_w4_electric_decoupling_21_2",2010,0.092
"19","AR","FACTOR_w4_gas_decoupling_21_1",2011,0.253
"20","AR","FACTOR_w4_gas_decoupling_21_2",2007,0.0915
"21","AR","FACTOR_w4_gas_decoupling_21_3",2013,0.7145
"22","AR","FACTOR_w_environment_solar_taxcredit_21_2",2001,0.052
"23","AR","FACTOR_w_environment_state_nepas_21_1",2013,0.7145
"24","AR","FACTOR_w_environment_state_nepas_21_2",2005,0.142
"25","AR","FACTOR_w_low_income_ee_21_1",2017,1.029
"26","AZ","FACTOR_climate_action_plan_21",2006,0.5835
"27","AZ","FACTOR_environment_ca_car_emissions_standards_21",2006,0.5835
"28","AZ","FACTOR_environment_preemption_naturalgasbans",2020,0.7755
"29","AZ","FACTOR_netmeter_yearadopted_21",2008,0.485
"30","AZ","FACTOR_public_building_standards",2003,0.3025
"31","AZ","FACTOR_w4_electric_decoupling_21_1",2005,0.5775
"32","AZ","FACTOR_w4_electric_decoupling_21_2",2012,0.7865
"33","AZ","FACTOR_w4_environment_state_rps_21_2",1998,0.2885
"34","AZ","FACTOR_w4_gas_decoupling_21_3",2011,0.836
"35","AZ","FACTOR_w_complete_streets_21_2",2020,0.7755
"36","AZ","FACTOR_w_environment_solar_taxcredit_21_2",2008,0.485
"37","AZ","FACTOR_w_environment_state_nepas_21_2",2003,0.3025
"38","AZ","FACTOR_w_gg_rr_21_1",2007,0.425
"39","AZ","FACTOR_w_ghg_targets_21_1",2006,0.5835
"40","AZ","FACTOR_w_low_income_ee_21_1",2017,0.8305
"41","CA","FACTOR_climate_action_plan_21",2008,-1.232
"42","CA","FACTOR_community_solar",2013,-1.3545
"43","CA","FACTOR_environment_ca_car_emissions_standards_21",2002,-1.132
"44","CA","FACTOR_environment_ghg_cap_21",2007,-1.232
"45","CA","FACTOR_environment_publicbenefit_funds_21",1998,-0.826
"46","CA","FACTOR_fgd_21",1998,-0.826
"47","CA","FACTOR_ghg_standards_21",2006,-1.1925
"48","CA","FACTOR_netmeter_yearadopted_21",1998,-0.826
"49","CA","FACTOR_pace_21",2007,-1.232
"50","CA","FACTOR_public_building_standards",2005,-1.1925
"51","CA","FACTOR_w4_electric_decoupling_21_3",2001,-1.132
"52","CA","FACTOR_w4_environment_state_rps_21_2",2002,-1.132
"53","CA","FACTOR_w4_environment_state_rps_21_3",2018,-1.276
"54","CA","FACTOR_w4_gas_decoupling_21_3",2001,-1.132
"55","CA","FACTOR_w_complete_streets_21_1",2007,-1.232
"56","CA","FACTOR_w_ee_21_1",1998,-0.826
"57","CA","FACTOR_w_ee_21_2",1998,-0.826
"58","CA","FACTOR_w_environment_solar_taxcredit_21_1",2006,-1.1925
"59","CA","FACTOR_w_environment_solar_taxcredit_21_2",1998,-0.826
"60","CA","FACTOR_w_environment_state_nepas_21_1",2007,-1.232
"61","CA","FACTOR_w_environment_state_nepas_21_2",2005,-1.1925
"62","CA","FACTOR_w_gg_rr_21_2",2006,-1.1925
"63","CA","FACTOR_w_ghg_targets_21_2",2005,-1.1925
"64","CA","FACTOR_w_low_income_ee_21_2",2017,-1.2425
"65","CO","FACTOR_climate_action_plan_21",2007,-0.812
"66","CO","FACTOR_community_solar",2010,-0.849
"67","CO","FACTOR_environment_ca_car_emissions_standards_21",2018,-0.188
"68","CO","FACTOR_environment_publicbenefit_funds_21",2019,-1.1485
"69","CO","FACTOR_fgd_21",1999,0.433
"70","CO","FACTOR_netmeter_yearadopted_21",2005,-0.5715
"71","CO","FACTOR_pace_21",2010,-0.849
"72","CO","FACTOR_public_building_standards",2005,-0.5715
"73","CO","FACTOR_w4_electric_decoupling_21_1",2008,-0.819
"74","CO","FACTOR_w4_electric_decoupling_21_3",2017,-0.1885
"75","CO","FACTOR_w4_environment_state_rps_21_2",2004,0.4245
"76","CO","FACTOR_w4_environment_state_rps_21_3",2019,-1.1485
"77","CO","FACTOR_w4_gas_decoupling_21_2",2008,-0.819
"78","CO","FACTOR_w_ee_21_1",2019,-1.1485
"79","CO","FACTOR_w_ee_21_2",1999,0.433
"80","CO","FACTOR_w_environment_solar_taxcredit_21_2",2005,-0.5715
"81","CO","FACTOR_w_environment_state_nepas_21_1",2010,-0.849
"82","CO","FACTOR_w_environment_state_nepas_21_2",2005,-0.5715
"83","CO","FACTOR_w_gg_rr_21_1",2007,-0.812
"84","CO","FACTOR_w_ghg_targets_21_1",2008,-0.819
"85","CO","FACTOR_w_ghg_targets_21_2",2019,-1.1485
"86","CO","FACTOR_w_low_income_ee_21_1",2017,-0.1885
"87","CO","FACTOR_w_mgpo_21_2",2007,-0.812
"88","CT","FACTOR_climate_action_plan_21",2005,-1.051
"89","CT","FACTOR_community_solar",2015,-1.008
"90","CT","FACTOR_environment_ca_car_emissions_standards_21",2004,-1.021
"91","CT","FACTOR_environment_ghg_cap_21",2006,-1.0475
"92","CT","FACTOR_environment_publicbenefit_funds_21",1999,-0.907
"93","CT","FACTOR_fgd_21",1998,-0.8975
"94","CT","FACTOR_netmeter_yearadopted_21",1998,-0.8975
"95","CT","FACTOR_pace_21",2011,-1.0465
"96","CT","FACTOR_public_building_standards",2006,-1.0475
"97","CT","FACTOR_w4_electric_decoupling_21_1",1998,-0.8975
"98","CT","FACTOR_w4_electric_decoupling_21_3",2007,-1.0535
"99","CT","FACTOR_w4_environment_state_rps_21_2",1998,-0.8975
"100","CT","FACTOR_w4_gas_decoupling_21_1",1998,-0.8975
"101","CT","FACTOR_w4_gas_decoupling_21_3",2007,-1.0535
"102","CT","FACTOR_w_complete_streets_21_1",2006,-1.0475
"103","CT","FACTOR_w_ee_21_1",1999,-0.907
"104","CT","FACTOR_w_ee_21_2",1998,-0.8975
"105","CT","FACTOR_w_environment_solar_taxcredit_21_2",1998,-0.8975
"106","CT","FACTOR_w_environment_state_nepas_21_1",2011,-1.0465
"107","CT","FACTOR_w_environment_state_nepas_21_2",2006,-1.0475
"108","CT","FACTOR_w_gg_rr_21_2",2009,-1.074
"109","CT","FACTOR_w_ghg_targets_21_2",2008,-1.054
"110","CT","FACTOR_w_low_income_ee_21_2",2017,-0.6935
"111","CT","FACTOR_w_mgpo_21_2",2003,-1.0205
"112","DE","FACTOR_climate_action_plan_21",2000,-0.223
"113","DE","FACTOR_community_solar",2010,-0.588
"114","DE","FACTOR_environment_ca_car_emissions_standards_21",2010,-0.588
"115","DE","FACTOR_environment_ghg_cap_21",2006,-0.178
"116","DE","FACTOR_environment_publicbenefit_funds_21",1999,-0.223
"117","DE","FACTOR_fgd_21",1999,-0.223
"118","DE","FACTOR_netmeter_yearadopted_21",1999,-0.223
"119","DE","FACTOR_pace_21",2018,-0.647
"120","DE","FACTOR_public_building_standards",2004,-0.171
"121","DE","FACTOR_w4_environment_state_rps_21_2",2005,-0.178
"122","DE","FACTOR_w_complete_streets_21_1",2006,-0.178
"123","DE","FACTOR_w_ee_21_1",1999,-0.223
"124","DE","FACTOR_w_ee_21_2",1999,-0.223
"125","DE","FACTOR_w_environment_solar_taxcredit_21_2",1999,-0.223
"126","DE","FACTOR_w_environment_state_nepas_21_1",2018,-0.647
"127","DE","FACTOR_w_environment_state_nepas_21_2",2004,-0.171
"128","DE","FACTOR_w_gg_rr_21_2",2009,-0.583
"129","DE","FACTOR_w_ghg_targets_21_1",2014,-0.674
"130","DE","FACTOR_w_low_income_ee_21_2",2017,-0.6655
"131","DE","FACTOR_w_mgpo_21_2",2005,-0.178
"132","FL","FACTOR_climate_action_plan_21",2008,0.3145
"133","FL","FACTOR_environment_ca_car_emissions_standards_21",2007,0.3005
"134","FL","FACTOR_fgd_21",1999,0.1695
"135","FL","FACTOR_netmeter_yearadopted_21",2008,0.3145
"136","FL","FACTOR_pace_21",2010,0.349
"137","FL","FACTOR_public_building_standards",2007,0.3005
"138","FL","FACTOR_w4_electric_decoupling_21_1",2008,0.3145
"139","FL","FACTOR_w_ee_21_2",1999,0.1695
"140","FL","FACTOR_w_environment_solar_taxcredit_21_2",2008,0.3145
"141","FL","FACTOR_w_environment_state_nepas_21_1",2010,0.349
"142","FL","FACTOR_w_environment_state_nepas_21_2",2007,0.3005
"143","FL","FACTOR_w_gg_rr_21_2",2008,0.3145
"144","FL","FACTOR_w_ghg_targets_21_1",2007,0.3005
"145","FL","FACTOR_w_low_income_ee_21_1",2017,0.4515
"146","FL","FACTOR_w_mgpo_21_1",2020,0.429
"147","GA","FACTOR_netmeter_yearadopted_21",2001,-0.1285
"148","GA","FACTOR_pace_21",2010,0.658
"149","GA","FACTOR_public_building_standards",2008,0.6865
"150","GA","FACTOR_w4_electric_decoupling_21_1",2010,0.658
"151","GA","FACTOR_w4_gas_decoupling_21_3",2011,0.764
"152","GA","FACTOR_w_environment_solar_taxcredit_21_2",2001,-0.1285
"153","GA","FACTOR_w_environment_state_nepas_21_1",2010,0.658
"154","GA","FACTOR_w_environment_state_nepas_21_2",2008,0.6865
"155","GA","FACTOR_w_gg_rr_21_1",2007,0.6865
"156","GA","FACTOR_w_low_income_ee_21_1",2019,0.799
"157","GA","FACTOR_w_mgpo_21_1",2017,0.808
"158","HI","FACTOR_climate_action_plan_21",1998,-0.711
"159","HI","FACTOR_community_solar",2015,-0.835
"160","HI","FACTOR_environment_publicbenefit_funds_21",2009,-0.799
"161","HI","FACTOR_fgd_21",2003,-0.774
"162","HI","FACTOR_netmeter_yearadopted_21",2004,-0.774
"163","HI","FACTOR_pace_21",1998,-0.711
"164","HI","FACTOR_public_building_standards",2006,-0.78
"165","HI","FACTOR_w4_electric_decoupling_21_1",2009,-0.799
"166","HI","FACTOR_w4_electric_decoupling_21_3",2010,-0.799
"167","HI","FACTOR_w4_environment_state_rps_21_1",2001,-0.7475
"168","HI","FACTOR_w4_environment_state_rps_21_2",2004,-0.774
"169","HI","FACTOR_w4_environment_state_rps_21_3",2015,-0.835
"170","HI","FACTOR_w_ee_21_1",2009,-0.799
"171","HI","FACTOR_w_ee_21_2",2003,-0.774
"172","HI","FACTOR_w_environment_solar_taxcredit_21_2",2004,-0.774
"173","HI","FACTOR_w_environment_state_nepas_21_1",1998,-0.711
"174","HI","FACTOR_w_environment_state_nepas_21_2",2006,-0.78
"175","HI","FACTOR_w_gg_rr_21_1",2007,-0.78
"176","HI","FACTOR_w_ghg_targets_21_2",2007,-0.78
"177","HI","FACTOR_w_low_income_ee_21_2",2020,-0.86
"178","IA","FACTOR_climate_action_plan_21",2008,-0.7275
"179","IA","FACTOR_fgd_21",2003,0.297
"180","IA","FACTOR_netmeter_yearadopted_21",1998,0.2135
"181","IA","FACTOR_public_building_standards",2005,-0.285
"182","IA","FACTOR_w4_environment_state_rps_21_2",1998,0.2135
"183","IA","FACTOR_w4_gas_decoupling_21_2",2006,-0.1405
"184","IA","FACTOR_w_ee_21_2",2003,0.297
"185","IA","FACTOR_w_environment_solar_taxcredit_21_2",1998,0.2135
"186","IA","FACTOR_w_environment_state_nepas_21_2",2005,-0.285
"187","IA","FACTOR_w_gg_rr_21_2",2007,-0.7325
"188","IA","FACTOR_w_low_income_ee_21_1",2017,0.636
"189","IA","FACTOR_w_low_income_ee_21_2",2019,0.601
"190","IA","FACTOR_w_mgpo_21_2",2001,0.265
"191","ID","FACTOR_pace_21",2017,0.872
"192","ID","FACTOR_w4_electric_decoupling_21_3",2007,0.6385
"193","ID","FACTOR_w4_gas_decoupling_21_3",2016,0.8495
"194","ID","FACTOR_w_environment_state_nepas_21_1",2017,0.872
"195","ID","FACTOR_w_gg_rr_21_1",2007,0.6385
"196","ID","FACTOR_w_low_income_ee_21_1",2017,0.872
"197","IL","FACTOR_climate_action_plan_21",1998,-0.00799999999999999
"198","IL","FACTOR_community_solar",2016,-0.331
"199","IL","FACTOR_environment_publicbenefit_funds_21",1998,-0.00799999999999999
"200","IL","FACTOR_fgd_21",1998,-0.00799999999999999
"201","IL","FACTOR_ghg_standards_21",2009,-0.289
"202","IL","FACTOR_netmeter_yearadopted_21",2007,-0.281
"203","IL","FACTOR_public_building_standards",2007,-0.281
"204","IL","FACTOR_w4_electric_decoupling_21_2",2016,-0.331
"205","IL","FACTOR_w4_environment_state_rps_21_1",2001,-0.00600000000000001
"206","IL","FACTOR_w4_environment_state_rps_21_2",2007,-0.281
"207","IL","FACTOR_w4_gas_decoupling_21_3",2008,-0.281
"208","IL","FACTOR_w_ee_21_1",1998,-0.00799999999999999
"209","IL","FACTOR_w_ee_21_2",1998,-0.00799999999999999
"210","IL","FACTOR_w_environment_solar_taxcredit_21_1",2009,-0.289
"211","IL","FACTOR_w_environment_solar_taxcredit_21_2",2007,-0.281
"212","IL","FACTOR_w_environment_state_nepas_21_2",2007,-0.281
"213","IL","FACTOR_w_gg_rr_21_1",2007,-0.281
"214","IL","FACTOR_w_ghg_targets_21_1",2007,-0.281
"215","IL","FACTOR_w_low_income_ee_21_2",2017,-0.346
"216","IN","FACTOR_netmeter_yearadopted_21",2004,0.2485
"217","IN","FACTOR_public_building_standards",2008,0.2775
"218","IN","FACTOR_w4_electric_decoupling_21_1",2009,NA
"219","IN","FACTOR_w4_environment_state_rps_21_1",2011,0.7855
"220","IN","FACTOR_w_environment_solar_taxcredit_21_2",2004,0.2485
"221","IN","FACTOR_w_environment_state_nepas_21_2",2008,0.2775
"222","IN","FACTOR_w_low_income_ee_21_1",2017,0.863
"223","KS","FACTOR_netmeter_yearadopted_21",2009,0.218
"224","KS","FACTOR_public_building_standards",2011,0.4265
"225","KS","FACTOR_w4_electric_decoupling_21_1",2007,0.1955
"226","KS","FACTOR_w4_electric_decoupling_21_2",2011,0.4265
"227","KS","FACTOR_w4_environment_state_rps_21_1",2015,0.6885
"228","KS","FACTOR_w4_environment_state_rps_21_2",2009,0.218
"229","KS","FACTOR_w4_gas_decoupling_21_1",2007,0.1955
"230","KS","FACTOR_w_environment_solar_taxcredit_21_2",2009,0.218
"231","KS","FACTOR_w_environment_state_nepas_21_2",2011,0.4265
"232","KS","FACTOR_w_gg_rr_21_1",2007,0.1955
"233","KS","FACTOR_w_low_income_ee_21_1",2017,0.3215
"234","KS","FACTOR_w_mgpo_21_1",2018,0.2685
"235","KY","FACTOR_climate_action_plan_21",2011,NA
"236","KY","FACTOR_netmeter_yearadopted_21",2005,0.3225
"237","KY","FACTOR_pace_21",2015,NA
"238","KY","FACTOR_public_building_standards",2008,0.28
"239","KY","FACTOR_w4_electric_decoupling_21_2",2010,NA
"240","KY","FACTOR_w4_gas_decoupling_21_2",2010,NA
"241","KY","FACTOR_w_environment_solar_taxcredit_21_2",2005,0.3225
"242","KY","FACTOR_w_environment_state_nepas_21_1",2015,NA
"243","KY","FACTOR_w_environment_state_nepas_21_2",2008,0.28
"244","KY","FACTOR_w_gg_rr_21_1",2008,0.28
"245","KY","FACTOR_w_low_income_ee_21_1",2017,NA
"246","KY","FACTOR_w_mgpo_21_1",2018,0.785
"247","LA","FACTOR_environment_preemption_naturalgasbans",2020,0.657
"248","LA","FACTOR_netmeter_yearadopted_21",2003,0.2955
"249","LA","FACTOR_public_building_standards",2007,0.24
"250","LA","FACTOR_w4_electric_decoupling_21_2",2013,0.5015
"251","LA","FACTOR_w_complete_streets_21_2",2020,0.657
"252","LA","FACTOR_w_environment_solar_taxcredit_21_2",2003,0.2955
"253","LA","FACTOR_w_environment_state_nepas_21_2",2007,0.24
"254","LA","FACTOR_w_ghg_targets_21_1",2020,0.657
"255","MA","FACTOR_climate_action_plan_21",2004,-1.0515
"256","MA","FACTOR_community_solar",2008,-1.0615
"257","MA","FACTOR_environment_ca_car_emissions_standards_21",2005,-1.054
"258","MA","FACTOR_environment_ghg_cap_21",2007,-1.07
"259","MA","FACTOR_environment_publicbenefit_funds_21",1998,-1.051
"260","MA","FACTOR_fgd_21",1998,-1.051
"261","MA","FACTOR_netmeter_yearadopted_21",2008,-1.0615
"262","MA","FACTOR_pace_21",2010,-1.0625
"263","MA","FACTOR_public_building_standards",2007,-1.07
"264","MA","FACTOR_w4_electric_decoupling_21_3",2008,-1.0615
"265","MA","FACTOR_w4_environment_state_rps_21_2",1998,-1.051
"266","MA","FACTOR_w4_gas_decoupling_21_3",2008,-1.0615
"267","MA","FACTOR_w_complete_streets_21_1",2007,-1.07
"268","MA","FACTOR_w_ee_21_1",1998,-1.051
"269","MA","FACTOR_w_ee_21_2",1998,-1.051
"270","MA","FACTOR_w_environment_solar_taxcredit_21_2",2008,-1.0615
"271","MA","FACTOR_w_environment_state_nepas_21_1",2010,-1.0625
"272","MA","FACTOR_w_environment_state_nepas_21_2",2007,-1.07
"273","MA","FACTOR_w_gg_rr_21_2",2009,-1.0615
"274","MA","FACTOR_w_ghg_targets_21_2",2008,-1.0615
"275","MA","FACTOR_w_low_income_ee_21_2",2017,-1.081
"276","MD","FACTOR_climate_action_plan_21",2008,-0.8695
"277","MD","FACTOR_community_solar",2015,-0.8585
"278","MD","FACTOR_environment_ca_car_emissions_standards_21",2007,-0.797
"279","MD","FACTOR_environment_ghg_cap_21",2007,-0.797
"280","MD","FACTOR_environment_publicbenefit_funds_21",2008,-0.8695
"281","MD","FACTOR_fgd_21",1999,-0.7075
"282","MD","FACTOR_netmeter_yearadopted_21",1998,-0.655
"283","MD","FACTOR_pace_21",2009,-0.861
"284","MD","FACTOR_public_building_standards",2000,-0.7035
"285","MD","FACTOR_w4_electric_decoupling_21_3",2007,-0.797
"286","MD","FACTOR_w4_environment_state_rps_21_2",2004,-0.652
"287","MD","FACTOR_w4_gas_decoupling_21_3",2005,-0.646
"288","MD","FACTOR_w_complete_streets_21_1",2007,-0.797
"289","MD","FACTOR_w_ee_21_1",2008,-0.8695
"290","MD","FACTOR_w_ee_21_2",1999,-0.7075
"291","MD","FACTOR_w_environment_solar_taxcredit_21_2",1998,-0.655
"292","MD","FACTOR_w_environment_state_nepas_21_1",2009,-0.861
"293","MD","FACTOR_w_environment_state_nepas_21_2",2000,-0.7035
"294","MD","FACTOR_w_gg_rr_21_2",2009,-0.861
"295","MD","FACTOR_w_ghg_targets_21_2",2009,-0.861
"296","MD","FACTOR_w_low_income_ee_21_2",2017,-0.8825
"297","ME","FACTOR_climate_action_plan_21",2004,-0.3755
"298","ME","FACTOR_community_solar",2009,-0.6925
"299","ME","FACTOR_environment_ca_car_emissions_standards_21",2005,-0.4805
"300","ME","FACTOR_environment_ghg_cap_21",2006,-0.4685
"301","ME","FACTOR_environment_publicbenefit_funds_21",1998,-0.457
"302","ME","FACTOR_fgd_21",1998,-0.457
"303","ME","FACTOR_netmeter_yearadopted_21",1998,-0.457
"304","ME","FACTOR_pace_21",2010,-0.6925
"305","ME","FACTOR_public_building_standards",2003,-0.366
"306","ME","FACTOR_w4_electric_decoupling_21_3",2009,-0.6925
"307","ME","FACTOR_w4_environment_state_rps_21_2",1999,-0.413
"308","ME","FACTOR_w_complete_streets_21_1",2006,-0.4685
"309","ME","FACTOR_w_ee_21_1",1998,-0.457
"310","ME","FACTOR_w_ee_21_2",1998,-0.457
"311","ME","FACTOR_w_environment_solar_taxcredit_21_2",1998,-0.457
"312","ME","FACTOR_w_environment_state_nepas_21_1",2010,-0.6925
"313","ME","FACTOR_w_environment_state_nepas_21_2",2003,-0.366
"314","ME","FACTOR_w_gg_rr_21_2",2009,-0.6925
"315","ME","FACTOR_w_ghg_targets_21_2",2003,-0.366
"316","ME","FACTOR_w_low_income_ee_21_2",2017,-0.1915
"317","ME","FACTOR_w_mgpo_21_2",2009,-0.6925
"318","MI","FACTOR_climate_action_plan_21",2009,-0.0675
"319","MI","FACTOR_environment_publicbenefit_funds_21",2000,0.4345
"320","MI","FACTOR_fgd_21",2000,0.4345
"321","MI","FACTOR_netmeter_yearadopted_21",2008,-0.0145
"322","MI","FACTOR_pace_21",2010,-0.0725
"323","MI","FACTOR_public_building_standards",2008,-0.0145
"324","MI","FACTOR_w4_electric_decoupling_21_1",2008,-0.0145
"325","MI","FACTOR_w4_electric_decoupling_21_3",2016,0.554
"326","MI","FACTOR_w4_environment_state_rps_21_2",2008,-0.0145
"327","MI","FACTOR_w4_gas_decoupling_21_3",2008,-0.0145
"328","MI","FACTOR_w_ee_21_1",2000,0.4345
"329","MI","FACTOR_w_ee_21_2",2000,0.4345
"330","MI","FACTOR_w_environment_solar_taxcredit_21_2",2008,-0.0145
"331","MI","FACTOR_w_environment_state_nepas_21_1",2010,-0.0725
"332","MI","FACTOR_w_environment_state_nepas_21_2",2008,-0.0145
"333","MI","FACTOR_w_gg_rr_21_1",2007,-0.0145
"334","MI","FACTOR_w_ghg_targets_21_1",2009,-0.0675
"335","MI","FACTOR_w_low_income_ee_21_2",2017,0.516
"336","MI","FACTOR_w_mgpo_21_1",2017,0.516
"337","MN","FACTOR_climate_action_plan_21",2008,-0.6985
"338","MN","FACTOR_community_solar",2013,-0.6645
"339","MN","FACTOR_environment_publicbenefit_funds_21",1999,-0.18
"340","MN","FACTOR_fgd_21",2001,-0.155
"341","MN","FACTOR_netmeter_yearadopted_21",1998,-0.639
"342","MN","FACTOR_pace_21",2010,-0.693
"343","MN","FACTOR_public_building_standards",2001,-0.155
"344","MN","FACTOR_w4_electric_decoupling_21_1",1999,-0.18
"345","MN","FACTOR_w4_electric_decoupling_21_3",2007,-0.679
"346","MN","FACTOR_w4_environment_state_rps_21_1",2001,-0.155
"347","MN","FACTOR_w4_environment_state_rps_21_2",2007,-0.679
"348","MN","FACTOR_w4_gas_decoupling_21_1",1999,-0.18
"349","MN","FACTOR_w4_gas_decoupling_21_3",2007,-0.679
"350","MN","FACTOR_w_ee_21_1",1999,-0.18
"351","MN","FACTOR_w_ee_21_2",2001,-0.155
"352","MN","FACTOR_w_environment_solar_taxcredit_21_2",1998,-0.639
"353","MN","FACTOR_w_environment_state_nepas_21_1",2010,-0.693
"354","MN","FACTOR_w_environment_state_nepas_21_2",2001,-0.155
"355","MN","FACTOR_w_gg_rr_21_1",2007,-0.679
"356","MN","FACTOR_w_ghg_targets_21_2",2007,-0.679
"357","MN","FACTOR_w_low_income_ee_21_2",2017,0.5615
"358","MN","FACTOR_w_mgpo_21_2",2001,-0.155
"359","MO","FACTOR_climate_action_plan_21",2002,0.0525
"360","MO","FACTOR_netmeter_yearadopted_21",2007,0.799
"361","MO","FACTOR_pace_21",2010,0.807
"362","MO","FACTOR_public_building_standards",2009,0.807
"363","MO","FACTOR_w4_electric_decoupling_21_1",2009,0.807
"364","MO","FACTOR_w4_electric_decoupling_21_2",2013,0.9935
"365","MO","FACTOR_w4_environment_state_rps_21_1",2007,0.799
"366","MO","FACTOR_w4_environment_state_rps_21_2",2008,0.7865
"367","MO","FACTOR_w_environment_solar_taxcredit_21_2",2007,0.799
"368","MO","FACTOR_w_environment_state_nepas_21_1",2010,0.807
"369","MO","FACTOR_w_environment_state_nepas_21_2",2009,0.807
"370","MO","FACTOR_w_gg_rr_21_1",2007,0.799
"371","MO","FACTOR_w_low_income_ee_21_1",2017,1.0945
"372","MO","FACTOR_w_mgpo_21_1",2018,1.1145
"373","MS","FACTOR_public_building_standards",2013,0.6685
"374","MS","FACTOR_w4_electric_decoupling_21_1",2019,0.6975
"375","MS","FACTOR_w4_gas_decoupling_21_1",2019,0.6975
"376","MS","FACTOR_w_environment_state_nepas_21_2",2013,0.6685
"377","MS","FACTOR_w_low_income_ee_21_1",2017,0.7045
"378","MT","FACTOR_climate_action_plan_21",2007,0.0715
"379","MT","FACTOR_environment_publicbenefit_funds_21",1998,0.703
"380","MT","FACTOR_ghg_standards_21",2007,0.0715
"381","MT","FACTOR_netmeter_yearadopted_21",1999,0.628
"382","MT","FACTOR_public_building_standards",2009,0.4085
"383","MT","FACTOR_w4_electric_decoupling_21_1",2013,0.736
"384","MT","FACTOR_w4_environment_state_rps_21_2",2005,-0.236
"385","MT","FACTOR_w4_gas_decoupling_21_1",2013,0.736
"386","MT","FACTOR_w_ee_21_1",1998,0.703
"387","MT","FACTOR_w_environment_solar_taxcredit_21_1",2007,0.0715
"388","MT","FACTOR_w_environment_solar_taxcredit_21_2",1999,0.628
"389","MT","FACTOR_w_environment_state_nepas_21_2",2009,0.4085
"390","MT","FACTOR_w_gg_rr_21_1",2007,0.0715
"391","MT","FACTOR_w_ghg_targets_21_1",2020,0.682
"392","MT","FACTOR_w_low_income_ee_21_2",2017,0.7335
"393","MT","FACTOR_w_mgpo_21_2",2003,0.592
"394","NC","FACTOR_climate_action_plan_21",2008,-0.3305
"395","NC","FACTOR_community_solar",2017,0.8405
"396","NC","FACTOR_netmeter_yearadopted_21",2005,-0.296
"397","NC","FACTOR_pace_21",2009,-0.335
"398","NC","FACTOR_public_building_standards",2007,-0.333
"399","NC","FACTOR_w4_electric_decoupling_21_2",2007,-0.333
"400","NC","FACTOR_w4_environment_state_rps_21_2",2007,-0.333
"401","NC","FACTOR_w4_gas_decoupling_21_3",2005,-0.296
"402","NC","FACTOR_w_environment_solar_taxcredit_21_2",2005,-0.296
"403","NC","FACTOR_w_environment_state_nepas_21_1",2009,-0.335
"404","NC","FACTOR_w_environment_state_nepas_21_2",2007,-0.333
"405","NC","FACTOR_w_gg_rr_21_2",2009,-0.335
"406","NC","FACTOR_w_ghg_targets_21_1",2018,0.8355
"407","NC","FACTOR_w_low_income_ee_21_1",2017,0.8405
"408","NC","FACTOR_w_mgpo_21_1",2013,0.8105
"409","ND","FACTOR_netmeter_yearadopted_21",1998,0.634
"410","ND","FACTOR_w4_environment_state_rps_21_1",2007,0.5845
"411","ND","FACTOR_w_environment_solar_taxcredit_21_2",1998,0.634
"412","NE","FACTOR_netmeter_yearadopted_21",2009,0.515
"413","NE","FACTOR_pace_21",2016,0.519
"414","NE","FACTOR_w_environment_solar_taxcredit_21_2",2009,0.515
"415","NE","FACTOR_w_environment_state_nepas_21_1",2016,0.519
"416","NE","FACTOR_w_mgpo_21_1",2017,0.6
"417","NH","FACTOR_climate_action_plan_21",2009,-0.7715
"418","NH","FACTOR_community_solar",2013,-0.0805
"419","NH","FACTOR_environment_ghg_cap_21",2006,0.52
"420","NH","FACTOR_environment_publicbenefit_funds_21",2000,-0.1655
"421","NH","FACTOR_fgd_21",2010,-0.76
"422","NH","FACTOR_netmeter_yearadopted_21",1998,0.2785
"423","NH","FACTOR_pace_21",2010,-0.76
"424","NH","FACTOR_public_building_standards",2010,-0.76
"425","NH","FACTOR_w4_electric_decoupling_21_1",2000,-0.1655
"426","NH","FACTOR_w4_electric_decoupling_21_2",2017,0.579
"427","NH","FACTOR_w4_environment_state_rps_21_2",2007,-0.8125
"428","NH","FACTOR_w4_gas_decoupling_21_1",2000,-0.1655
"429","NH","FACTOR_w4_gas_decoupling_21_2",2017,0.579
"430","NH","FACTOR_w4_gas_decoupling_21_3",2018,0.569
"431","NH","FACTOR_w_complete_streets_21_1",2006,0.52
"432","NH","FACTOR_w_ee_21_1",2000,-0.1655
"433","NH","FACTOR_w_ee_21_2",2010,-0.76
"434","NH","FACTOR_w_environment_solar_taxcredit_21_2",1998,0.2785
"435","NH","FACTOR_w_environment_state_nepas_21_1",2010,-0.76
"436","NH","FACTOR_w_environment_state_nepas_21_2",2010,-0.76
"437","NH","FACTOR_w_gg_rr_21_2",2009,-0.7715
"438","NH","FACTOR_w_ghg_targets_21_1",2001,0.3335
"439","NH","FACTOR_w_low_income_ee_21_2",2017,0.579
"440","NJ","FACTOR_climate_action_plan_21",2008,-0.991
"441","NJ","FACTOR_community_solar",2018,-0.9985
"442","NJ","FACTOR_environment_ca_car_emissions_standards_21",2004,-0.9465
"443","NJ","FACTOR_environment_ghg_cap_21",2006,-0.952
"444","NJ","FACTOR_environment_publicbenefit_funds_21",1999,-0.0375
"445","NJ","FACTOR_fgd_21",1999,-0.0375
"446","NJ","FACTOR_netmeter_yearadopted_21",1999,-0.0375
"447","NJ","FACTOR_pace_21",2012,-0.996
"448","NJ","FACTOR_public_building_standards",2002,-0.709
"449","NJ","FACTOR_w4_electric_decoupling_21_1",2015,-0.9935
"450","NJ","FACTOR_w4_electric_decoupling_21_3",2018,-0.9985
"451","NJ","FACTOR_w4_environment_state_rps_21_2",1998,-0.0405
"452","NJ","FACTOR_w4_gas_decoupling_21_3",2006,-0.952
"453","NJ","FACTOR_w_complete_streets_21_1",2006,-0.952
"454","NJ","FACTOR_w_ee_21_1",1999,-0.0375
"455","NJ","FACTOR_w_ee_21_2",1999,-0.0375
"456","NJ","FACTOR_w_environment_solar_taxcredit_21_2",1999,-0.0375
"457","NJ","FACTOR_w_environment_state_nepas_21_1",2012,-0.996
"458","NJ","FACTOR_w_environment_state_nepas_21_2",2002,-0.709
"459","NJ","FACTOR_w_gg_rr_21_2",2007,-0.952
"460","NJ","FACTOR_w_ghg_targets_21_2",2007,-0.952
"461","NJ","FACTOR_w_low_income_ee_21_2",2017,-0.995
"462","NJ","FACTOR_w_mgpo_21_1",2006,-0.952
"463","NM","FACTOR_climate_action_plan_21",2006,-0.6125
"464","NM","FACTOR_environment_ca_car_emissions_standards_21",2007,-0.6485
"465","NM","FACTOR_environment_publicbenefit_funds_21",2005,-0.609
"466","NM","FACTOR_netmeter_yearadopted_21",2008,-0.632
"467","NM","FACTOR_pace_21",2009,-0.724
"468","NM","FACTOR_w4_electric_decoupling_21_1",2013,-0.6495
"469","NM","FACTOR_w4_electric_decoupling_21_3",2019,-0.8775
"470","NM","FACTOR_w4_environment_state_rps_21_2",2002,-0.4455
"471","NM","FACTOR_w4_environment_state_rps_21_3",2019,-0.8775
"472","NM","FACTOR_w4_gas_decoupling_21_1",2013,-0.6495
"473","NM","FACTOR_w_ee_21_1",2005,-0.609
"474","NM","FACTOR_w_environment_solar_taxcredit_21_2",2008,-0.632
"475","NM","FACTOR_w_environment_state_nepas_21_1",2009,-0.724
"476","NM","FACTOR_w_gg_rr_21_2",2009,-0.724
"477","NM","FACTOR_w_ghg_targets_21_1",2005,-0.609
"478","NM","FACTOR_w_low_income_ee_21_2",2017,-0.529
"479","NM","FACTOR_w_mgpo_21_2",2004,-0.525
"480","NV","FACTOR_climate_action_plan_21",2008,-0.08
"481","NV","FACTOR_environment_publicbenefit_funds_21",2015,0.5175
"482","NV","FACTOR_fgd_21",2001,0.003
"483","NV","FACTOR_netmeter_yearadopted_21",1998,-0.00849999999999998
"484","NV","FACTOR_pace_21",2009,-0.375
"485","NV","FACTOR_public_building_standards",2005,-0.0315
"486","NV","FACTOR_w4_electric_decoupling_21_3",2009,-0.375
"487","NV","FACTOR_w4_environment_state_rps_21_2",1998,-0.00849999999999998
"488","NV","FACTOR_w4_gas_decoupling_21_1",1998,-0.00849999999999998
"489","NV","FACTOR_w4_gas_decoupling_21_3",2007,-0.08
"490","NV","FACTOR_w_ee_21_1",2015,0.5175
"491","NV","FACTOR_w_ee_21_2",2001,0.003
"492","NV","FACTOR_w_environment_solar_taxcredit_21_2",1998,-0.00849999999999998
"493","NV","FACTOR_w_environment_state_nepas_21_1",2009,-0.375
"494","NV","FACTOR_w_environment_state_nepas_21_2",2005,-0.0315
"495","NV","FACTOR_w_gg_rr_21_1",2010,-0.407
"496","NV","FACTOR_w_ghg_targets_21_2",2019,-0.6225
"497","NV","FACTOR_w_low_income_ee_21_2",2017,-0.58
"498","NV","FACTOR_w_mgpo_21_1",2013,-0.5335
"499","NY","FACTOR_climate_action_plan_21",2010,-0.946
"500","NY","FACTOR_community_solar",2015,-0.6905
"501","NY","FACTOR_environment_ca_car_emissions_standards_21",2005,-0.665
"502","NY","FACTOR_environment_ghg_cap_21",2006,-0.6725
"503","NY","FACTOR_environment_publicbenefit_funds_21",1998,-0.621
"504","NY","FACTOR_fgd_21",1998,-0.621
"505","NY","FACTOR_ghg_standards_21",2009,-0.9465
"506","NY","FACTOR_netmeter_yearadopted_21",1998,-0.621
"507","NY","FACTOR_pace_21",2009,-0.9465
"508","NY","FACTOR_public_building_standards",2001,-0.6165
"509","NY","FACTOR_w4_electric_decoupling_21_3",2007,-0.7095
"510","NY","FACTOR_w4_environment_state_rps_21_2",2004,-0.6325
"511","NY","FACTOR_w4_environment_state_rps_21_3",2019,-1.1305
"512","NY","FACTOR_w4_gas_decoupling_21_3",2007,-0.7095
"513","NY","FACTOR_w_complete_streets_21_1",2006,-0.6725
"514","NY","FACTOR_w_ee_21_1",1998,-0.621
"515","NY","FACTOR_w_ee_21_2",1998,-0.621
"516","NY","FACTOR_w_environment_solar_taxcredit_21_1",2009,-0.9465
"517","NY","FACTOR_w_environment_solar_taxcredit_21_2",1998,-0.621
"518","NY","FACTOR_w_environment_state_nepas_21_1",2009,-0.9465
"519","NY","FACTOR_w_environment_state_nepas_21_2",2001,-0.6165
"520","NY","FACTOR_w_gg_rr_21_2",2009,-0.9465
"521","NY","FACTOR_w_ghg_targets_21_1",2002,-0.6075
"522","NY","FACTOR_w_ghg_targets_21_2",2019,-1.1305
"523","NY","FACTOR_w_low_income_ee_21_2",2017,-0.9415
"524","OH","FACTOR_environment_publicbenefit_funds_21",1999,0.671
"525","OH","FACTOR_fgd_21",1999,0.671
"526","OH","FACTOR_netmeter_yearadopted_21",1999,0.671
"527","OH","FACTOR_pace_21",2010,0.1495
"528","OH","FACTOR_public_building_standards",2007,0.6915
"529","OH","FACTOR_w4_electric_decoupling_21_3",2008,0.6275
"530","OH","FACTOR_w4_environment_state_rps_21_2",2008,0.6275
"531","OH","FACTOR_w4_gas_decoupling_21_2",2008,0.6275
"532","OH","FACTOR_w_ee_21_1",1999,0.671
"533","OH","FACTOR_w_ee_21_2",1999,0.671
"534","OH","FACTOR_w_environment_solar_taxcredit_21_2",1999,0.671
"535","OH","FACTOR_w_environment_state_nepas_21_1",2010,0.1495
"536","OH","FACTOR_w_environment_state_nepas_21_2",2007,0.6915
"537","OH","FACTOR_w_gg_rr_21_1",2007,0.6915
"538","OH","FACTOR_w_low_income_ee_21_1",2017,0.7375
"539","OK","FACTOR_environment_preemption_naturalgasbans",2020,1.073
"540","OK","FACTOR_netmeter_yearadopted_21",1998,0.1025
"541","OK","FACTOR_pace_21",2009,1.0175
"542","OK","FACTOR_public_building_standards",2012,1.077
"543","OK","FACTOR_w4_electric_decoupling_21_2",2008,0.78
"544","OK","FACTOR_w4_environment_state_rps_21_1",2010,1.0185
"545","OK","FACTOR_w4_gas_decoupling_21_2",2008,0.78
"546","OK","FACTOR_w_complete_streets_21_2",2020,1.073
"547","OK","FACTOR_w_environment_solar_taxcredit_21_2",1998,0.1025
"548","OK","FACTOR_w_environment_state_nepas_21_1",2009,1.0175
"549","OK","FACTOR_w_environment_state_nepas_21_2",2012,1.077
"550","OK","FACTOR_w_gg_rr_21_1",2009,1.0175
"551","OK","FACTOR_w_low_income_ee_21_2",2017,1.1305
"552","OR","FACTOR_climate_action_plan_21",2004,0.03
"553","OR","FACTOR_community_solar",2016,-0.7615
"554","OR","FACTOR_environment_ca_car_emissions_standards_21",2006,-0.198
"555","OR","FACTOR_environment_publicbenefit_funds_21",1999,0.16
"556","OR","FACTOR_fgd_21",1999,0.16
"557","OR","FACTOR_ghg_standards_21",1998,0.1125
"558","OR","FACTOR_netmeter_yearadopted_21",1999,0.16
"559","OR","FACTOR_pace_21",2014,-0.6605
"560","OR","FACTOR_public_building_standards",2000,0.16
"561","OR","FACTOR_w4_electric_decoupling_21_3",2009,-0.761
"562","OR","FACTOR_w4_environment_state_rps_21_2",2007,-0.567
"563","OR","FACTOR_w4_gas_decoupling_21_3",2003,0.03
"564","OR","FACTOR_w_ee_21_1",1999,0.16
"565","OR","FACTOR_w_ee_21_2",1999,0.16
"566","OR","FACTOR_w_environment_solar_taxcredit_21_1",1998,0.1125
"567","OR","FACTOR_w_environment_solar_taxcredit_21_2",1999,0.16
"568","OR","FACTOR_w_environment_state_nepas_21_1",2014,-0.6605
"569","OR","FACTOR_w_environment_state_nepas_21_2",2000,0.16
"570","OR","FACTOR_w_gg_rr_21_2",2008,-0.567
"571","OR","FACTOR_w_ghg_targets_21_2",2007,-0.567
"572","OR","FACTOR_w_low_income_ee_21_2",2017,-0.755
"573","OR","FACTOR_w_mgpo_21_2",2007,-0.567
"574","PA","FACTOR_climate_action_plan_21",2008,0
"575","PA","FACTOR_environment_ca_car_emissions_standards_21",2006,0.2235
"576","PA","FACTOR_environment_ghg_cap_21",2020,0.341
"577","PA","FACTOR_environment_publicbenefit_funds_21",1998,0.1745
"578","PA","FACTOR_fgd_21",1998,0.1745
"579","PA","FACTOR_netmeter_yearadopted_21",2004,0.2255
"580","PA","FACTOR_pace_21",2018,0.3895
"581","PA","FACTOR_public_building_standards",2004,0.2255
"582","PA","FACTOR_w4_electric_decoupling_21_3",2018,0.3895
"583","PA","FACTOR_w4_environment_state_rps_21_2",2004,0.2255
"584","PA","FACTOR_w4_gas_decoupling_21_3",2018,0.3895
"585","PA","FACTOR_w_complete_streets_21_1",2020,0.341
"586","PA","FACTOR_w_ee_21_1",1998,0.1745
"587","PA","FACTOR_w_ee_21_2",1998,0.1745
"588","PA","FACTOR_w_environment_solar_taxcredit_21_2",2004,0.2255
"589","PA","FACTOR_w_environment_state_nepas_21_1",2018,0.3895
"590","PA","FACTOR_w_environment_state_nepas_21_2",2004,0.2255
"591","PA","FACTOR_w_gg_rr_21_1",2007,0
"592","PA","FACTOR_w_ghg_targets_21_1",2019,0.3575
"593","PA","FACTOR_w_low_income_ee_21_2",2017,0.3765
"594","RI","FACTOR_climate_action_plan_21",2002,-0.4465
"595","RI","FACTOR_community_solar",2016,-0.4895
"596","RI","FACTOR_environment_ca_car_emissions_standards_21",2005,-0.4435
"597","RI","FACTOR_environment_ghg_cap_21",2007,-0.462
"598","RI","FACTOR_environment_publicbenefit_funds_21",1998,-0.439
"599","RI","FACTOR_fgd_21",2004,-0.4385
"600","RI","FACTOR_netmeter_yearadopted_21",2006,-0.4435
"601","RI","FACTOR_pace_21",2015,-0.493
"602","RI","FACTOR_public_building_standards",2009,-0.4855
"603","RI","FACTOR_w4_electric_decoupling_21_1",2005,-0.4435
"604","RI","FACTOR_w4_electric_decoupling_21_3",2010,-0.485
"605","RI","FACTOR_w4_environment_state_rps_21_2",2004,-0.4385
"606","RI","FACTOR_w4_gas_decoupling_21_1",2007,-0.462
"607","RI","FACTOR_w4_gas_decoupling_21_3",2010,-0.485
"608","RI","FACTOR_w_complete_streets_21_1",2007,-0.462
"609","RI","FACTOR_w_ee_21_1",1998,-0.439
"610","RI","FACTOR_w_ee_21_2",2004,-0.4385
"611","RI","FACTOR_w_environment_solar_taxcredit_21_2",2006,-0.4435
"612","RI","FACTOR_w_environment_state_nepas_21_1",2015,-0.493
"613","RI","FACTOR_w_environment_state_nepas_21_2",2009,-0.4855
"614","RI","FACTOR_w_gg_rr_21_2",2009,-0.4855
"615","RI","FACTOR_w_ghg_targets_21_1",2001,-0.4485
"616","RI","FACTOR_w_ghg_targets_21_2",2014,-0.5005
"617","RI","FACTOR_w_low_income_ee_21_2",2017,-0.501
"618","SC","FACTOR_climate_action_plan_21",2008,0.546
"619","SC","FACTOR_community_solar",2019,0.635
"620","SC","FACTOR_netmeter_yearadopted_21",2014,0.606
"621","SC","FACTOR_public_building_standards",2007,0.5395
"622","SC","FACTOR_w4_electric_decoupling_21_2",2008,0.546
"623","SC","FACTOR_w4_environment_state_rps_21_1",2014,0.606
"624","SC","FACTOR_w4_gas_decoupling_21_1",2010,0.548
"625","SC","FACTOR_w_environment_solar_taxcredit_21_2",2014,0.606
"626","SC","FACTOR_w_environment_state_nepas_21_2",2007,0.5395
"627","SC","FACTOR_w_gg_rr_21_1",2007,0.5395
"628","SC","FACTOR_w_low_income_ee_21_1",2017,0.684
"629","SD","FACTOR_public_building_standards",2008,0.6475
"630","SD","FACTOR_w4_electric_decoupling_21_1",2008,0.6475
"631","SD","FACTOR_w4_electric_decoupling_21_2",2010,0.6035
"632","SD","FACTOR_w4_environment_state_rps_21_1",2008,0.6475
"633","SD","FACTOR_w4_gas_decoupling_21_1",2008,0.6475
"634","SD","FACTOR_w4_gas_decoupling_21_2",2009,0.6035
"635","SD","FACTOR_w_environment_state_nepas_21_2",2008,0.6475
"636","TN","FACTOR_environment_preemption_naturalgasbans",2020,0.92
"637","TN","FACTOR_public_building_standards",2008,0.1015
"638","TN","FACTOR_w4_gas_decoupling_21_2",2010,0.6565
"639","TN","FACTOR_w_complete_streets_21_2",2020,0.92
"640","TN","FACTOR_w_environment_state_nepas_21_2",2008,0.1015
"641","TN","FACTOR_w_gg_rr_21_1",2007,0.1015
"642","TN","FACTOR_w_low_income_ee_21_1",2017,0.912
"643","TX","FACTOR_fgd_21",2004,0.7465
"644","TX","FACTOR_pace_21",2013,0.8195
"645","TX","FACTOR_public_building_standards",2001,0.368
"646","TX","FACTOR_w4_electric_decoupling_21_1",2007,0.7095
"647","TX","FACTOR_w4_environment_state_rps_21_2",1999,0.368
"648","TX","FACTOR_w_ee_21_2",2004,0.7465
"649","TX","FACTOR_w_environment_state_nepas_21_1",2013,0.8195
"650","TX","FACTOR_w_environment_state_nepas_21_2",2001,0.368
"651","TX","FACTOR_w_gg_rr_21_1",2009,0.575
"652","TX","FACTOR_w_low_income_ee_21_2",2017,1.0945
"653","UT","FACTOR_netmeter_yearadopted_21",2002,0.6505
"654","UT","FACTOR_pace_21",2013,0.7185
"655","UT","FACTOR_public_building_standards",2006,0.6895
"656","UT","FACTOR_w4_electric_decoupling_21_1",2016,0.73
"657","UT","FACTOR_w4_environment_state_rps_21_1",2008,0.69
"658","UT","FACTOR_w4_gas_decoupling_21_2",2010,0.702
"659","UT","FACTOR_w_environment_solar_taxcredit_21_2",2002,0.6505
"660","UT","FACTOR_w_environment_state_nepas_21_1",2013,0.7185
"661","UT","FACTOR_w_environment_state_nepas_21_2",2006,0.6895
"662","UT","FACTOR_w_gg_rr_21_1",2007,0.69
"663","UT","FACTOR_w_low_income_ee_21_1",2017,0.732
"664","UT","FACTOR_w_mgpo_21_1",2015,0.722
"665","VA","FACTOR_climate_action_plan_21",2008,-0.011
"666","VA","FACTOR_community_solar",2017,0.5275
"667","VA","FACTOR_environment_ghg_cap_21",2020,-0.8045
"668","VA","FACTOR_environment_publicbenefit_funds_21",2018,0.4495
"669","VA","FACTOR_fgd_21",1999,0.0645
"670","VA","FACTOR_netmeter_yearadopted_21",1999,0.0645
"671","VA","FACTOR_pace_21",2009,0.0125
"672","VA","FACTOR_w4_environment_state_rps_21_1",2007,0.4395
"673","VA","FACTOR_w4_gas_decoupling_21_3",2008,-0.011
"674","VA","FACTOR_w_complete_streets_21_1",2020,-0.8045
"675","VA","FACTOR_w_ee_21_1",2018,0.4495
"676","VA","FACTOR_w_ee_21_2",1999,0.0645
"677","VA","FACTOR_w_environment_solar_taxcredit_21_2",1999,0.0645
"678","VA","FACTOR_w_environment_state_nepas_21_1",2009,0.0125
"679","VA","FACTOR_w_gg_rr_21_1",2009,0.0125
"680","VA","FACTOR_w_ghg_targets_21_1",2001,0.1405
"681","VA","FACTOR_w_ghg_targets_21_2",2020,-0.8045
"682","VA","FACTOR_w_low_income_ee_21_1",2017,0.5275
"683","VA","FACTOR_w_low_income_ee_21_2",2018,0.4495
"684","VA","FACTOR_w_mgpo_21_2",2007,0.4395
"685","VT","FACTOR_climate_action_plan_21",2007,-0.67
"686","VT","FACTOR_community_solar",2012,-0.6815
"687","VT","FACTOR_environment_ca_car_emissions_standards_21",2005,-0.5755
"688","VT","FACTOR_environment_ghg_cap_21",2006,-0.595
"689","VT","FACTOR_environment_publicbenefit_funds_21",1999,-0.3995
"690","VT","FACTOR_netmeter_yearadopted_21",1998,-0.456
"691","VT","FACTOR_pace_21",2009,-0.6835
"692","VT","FACTOR_w4_electric_decoupling_21_1",2000,-0.3995
"693","VT","FACTOR_w4_electric_decoupling_21_3",2006,-0.595
"694","VT","FACTOR_w4_environment_state_rps_21_1",2005,-0.5755
"695","VT","FACTOR_w4_environment_state_rps_21_2",2015,-0.6405
"696","VT","FACTOR_w4_gas_decoupling_21_1",2000,-0.3995
"697","VT","FACTOR_w4_gas_decoupling_21_3",2006,-0.595
"698","VT","FACTOR_w_complete_streets_21_1",2006,-0.595
"699","VT","FACTOR_w_ee_21_1",1999,-0.3995
"700","VT","FACTOR_w_environment_solar_taxcredit_21_2",1998,-0.456
"701","VT","FACTOR_w_environment_state_nepas_21_1",2009,-0.6835
"702","VT","FACTOR_w_gg_rr_21_2",2009,-0.6835
"703","VT","FACTOR_w_ghg_targets_21_1",2001,-0.169
"704","VT","FACTOR_w_ghg_targets_21_2",2005,-0.5755
"705","VT","FACTOR_w_low_income_ee_21_2",2017,-0.751
"706","VT","FACTOR_w_mgpo_21_2",2008,-0.67
"707","WA","FACTOR_climate_action_plan_21",2013,-0.4715
"708","WA","FACTOR_community_solar",2009,-0.757
"709","WA","FACTOR_environment_ca_car_emissions_standards_21",2005,-0.49
"710","WA","FACTOR_environment_ghg_cap_21",2016,-0.1625
"711","WA","FACTOR_fgd_21",2000,-0.407
"712","WA","FACTOR_ghg_standards_21",2004,-0.2365
"713","WA","FACTOR_netmeter_yearadopted_21",1998,0.5215
"714","WA","FACTOR_pace_21",2020,-1.0015
"715","WA","FACTOR_public_building_standards",2005,-0.49
"716","WA","FACTOR_w4_electric_decoupling_21_3",2007,-0.767
"717","WA","FACTOR_w4_environment_state_rps_21_2",2006,-0.6795
"718","WA","FACTOR_w4_environment_state_rps_21_3",2019,-0.96
"719","WA","FACTOR_w4_gas_decoupling_21_3",2007,-0.767
"720","WA","FACTOR_w_complete_streets_21_1",2016,-0.1625
"721","WA","FACTOR_w_ee_21_2",2000,-0.407
"722","WA","FACTOR_w_environment_solar_taxcredit_21_1",2004,-0.2365
"723","WA","FACTOR_w_environment_solar_taxcredit_21_2",1998,0.5215
"724","WA","FACTOR_w_environment_state_nepas_21_1",2020,-1.0015
"725","WA","FACTOR_w_environment_state_nepas_21_2",2005,-0.49
"726","WA","FACTOR_w_gg_rr_21_2",2008,-0.764
"727","WA","FACTOR_w_ghg_targets_21_2",2007,-0.767
"728","WA","FACTOR_w_low_income_ee_21_1",2017,-0.3225
"729","WA","FACTOR_w_mgpo_21_2",2001,-0.084
"730","WI","FACTOR_climate_action_plan_21",2008,-0.074
"731","WI","FACTOR_environment_publicbenefit_funds_21",1999,-0.054
"732","WI","FACTOR_netmeter_yearadopted_21",1998,0.508
"733","WI","FACTOR_pace_21",2010,-0.7975
"734","WI","FACTOR_public_building_standards",2006,0.621
"735","WI","FACTOR_w4_electric_decoupling_21_3",2009,-0.8255
"736","WI","FACTOR_w4_environment_state_rps_21_2",1998,0.508
"737","WI","FACTOR_w4_gas_decoupling_21_3",2009,-0.8255
"738","WI","FACTOR_w_ee_21_1",1999,-0.054
"739","WI","FACTOR_w_environment_solar_taxcredit_21_2",1998,0.508
"740","WI","FACTOR_w_environment_state_nepas_21_1",2010,-0.7975
"741","WI","FACTOR_w_environment_state_nepas_21_2",2006,0.621
"742","WI","FACTOR_w_gg_rr_21_2",2007,-0.074
"743","WI","FACTOR_w_low_income_ee_21_2",2017,0.676
"744","WI","FACTOR_w_mgpo_21_1",2017,0.676
"745","WV","FACTOR_netmeter_yearadopted_21",2006,-0.1485
"746","WV","FACTOR_public_building_standards",2012,-0.1855
"747","WV","FACTOR_w4_environment_state_rps_21_2",2009,-0.17
"748","WV","FACTOR_w_environment_solar_taxcredit_21_2",2006,-0.1485
"749","WV","FACTOR_w_environment_state_nepas_21_2",2012,-0.1855
"750","WV","FACTOR_w_gg_rr_21_1",2007,-0.156
"751","WY","FACTOR_netmeter_yearadopted_21",2001,0.423
"752","WY","FACTOR_w4_gas_decoupling_21_3",2012,0.4205
"753","WY","FACTOR_w_environment_solar_taxcredit_21_2",2001,0.423
"754","WY","FACTOR_w_gg_rr_21_1",2007,0.3715
"755","WY","FACTOR_w_mgpo_21_1",2016,0.435
